{
    "url": "https://battery.net.ua/garantiya",
    "site_text": "\n.\n.\n.\n.\n.\n.Гарантия.\n.\n.\n.\n.\n.\n.\n.\n.\n.\n.\n.\n.\n.\n.\n.\n.\n.\n.\n.\n.\n.\r\n            {\"javaScript_searchResultsByModel\":\"Результаты поиска по модели:\",\"javaScript_searchResultsByArticul\":\"Результаты поиска по артикулу:\",\"javaScript_modelsNotFound\":\"По вашему запросу модели не найдены\",\"javaScript_enterModel\":\"Уточните модель, например\",\"javaScript_productsNotFound\":\"По вашему запросу товары не найдены\",\"javaScript_enterUkText\":\"Заполните данные на украинском языке\",\"javaScript_nalozhPay\":\"javaScript.nalozhPay\",\"javaScript_payWhenGet\":\"javaScript.payWhenGet\",\"javaScript_senderNpFree\":\"javaScript.senderNpFree\",\"javaScript_Free\":\"(бесплатно)\",\"javaScript_catalog_gotoresults\":\"Перейти к результатам\"}        .\n.\n.\n.\n.\n.\n.\n.\n.\n.\n.\n.\n.Все буде Україна!.Ми працюємо у воєнний час. Усі замовлення своєчасно обробляються та відправляются у доступні регіони.. .\n.\n.\n.\n.\n.\n.\n.\n.\n.\n.\n.О нас.Доставка.Гарантия.Сотрудничество.Контакты.Отзывы.\n.Uk.Ru.\n.\n. .\n.\n.\n.Корзина.\n.\n.\n.\n.\n.\n.Battery.net.ua.\n.\n.\n.\n.\n.\n.\n.\n.\n.\n.\n.\n.О нас.Доставка.Гарантия.Сотрудничество.Контакты.Отзывы.\n.Uk.Ru.\n.\n. .\n.\n.\n.\n.\n.\n.\n.\n.\n.\n.\n.\n\t\t+38 044 379 3109.Call back.\n.\n.\n.\n        Получить доступ к оптовым ценам\t.\n.\n.\n.\n.\n.\n.\n.Запчасти для ноутбуков.\n.\n.Запчасти для планшетов.\n.\n.Запчасти для телефонов.\n.\n.Другое.\n. .\n.\n.\n.\n.\n.\n.Запчасти для ноутбуков.\n.\n.\n. / \n.\n.\n.Гарантия.\n.\n.\n.\n.\n.Гарантия.\n.\n.Все товары проходят двойное тестирование.: при поступлении на наш склад и непосредственно перед отправкой покупателю.\r\n.\r\n\tЛюбой товар, не подлежащий тестированию, проходит процедуру тщательного осмотра. На .все группы товаров. распространяется гарантия от .3 месяце.в. до 12 месяцев.  со дня получения товара покупателем, на разные группы товаров срок гарантии указан в храрактеристике товара.\r\n.\r\n\tПродавец обязуется бесплатно устранить дефекты товара посредством ремонта или замены на аналогичный товар при условии, что дефект возник по вине Продавца или является производственным браком, в течение гарантийного срока.\r\n.\r\n\tВзаимоотношения между Продавцом и Покупателем регулируются законом Украины «О защите прав потребителей».\r\n.\n.Гарантийные обязательства не распространяются в случаях:.\n.\r\n\t- неисправностей, вызванных нарушением правил транспортировки, хранения, эксплуатации или неправильной установкой;\r\n.\r\n\t- повреждения, вызванные попаданием внутрь товара посторонних предметов, веществ, жидкостей, насекомых и т.д.;\r\n.\r\n\t- товаров, имеющих внешние дефекты (явные механические или термические повреждения, трещины, сломанные контактные группы и/или разъемы) любого элемента товара;\r\n.\r\n\t- если количество битых (неработающих) пикселей матрицы соответствует стандарту ISO 13406-2;\r\n.\r\n\t- наступления форс-мажорных обстоятельств (пожар, наводнение, землетрясение и др.) или влияния случайных внешних факторов (перепады напряжения в электрической сети и пр.).\r\n.\r\n\tМы ценим свое имя, надежного и качественного поставщика качественных товаров, и уделяем повышенное внимание любому Вашему обращению.\r\n.\n.ОБЩИЕ ПОЛОЖЕНИЯ .\n.\n.Гарантийный отдел в городе Киев работает с понедельника по пятницу с 10:00 до 18:00..\n.Гарантия обеспечивает клиенту право получить деньги, бесплатный ремонт или соответствующую замену для бракованного товара..\n.Каждая позиция имеет определенный гарантийный срок, указанный в соответствующем талоне..\n.Товар, имеющий гарантию, поддерживаемую производителем, ремонтируется в специальных сервисных центрах. Он помечается в гарантийном талоне специальной меткой \"С/Ц\"..\n.Реализуя комплектующие, компания несет ответственность за работоспособность каждой из них, однако не отвечает за совместную работу..\n.Компания не предоставляет гарантию совместимости реализуемой продукции с техникой, имеющейся у клиента или приобретенной у третьего лица..\n.\n.Принятие товара для гарантийного обслуживания .\n.\n.Товар может быть принят для гарантийного обслуживания только в той комплектации, в какой был реализован..\n.Товар должен комплектоваться гарантийным талоном и документом об оплате..\n.Товар принимается для гарантийного обслуживание вместе с заполненным формализованным сопроводительным листом, несущим информацию о наименовании товара, а также его возможной неисправности. Он заполняется специалистом гарантийного отдела после чего подписывается клиентом..\n.Сдавая товар для гарантийного ремонта, клиент получает бланк заказа с подписью представителя гарантийного отдела..\n.\n.Проведение гарантийного обслуживания .\n.\n.В ходе гарантийного обслуживания выявляется неисправность товара, после чего производится гарантийный ремонт..\n.Товар, переданный клиентом специалистам гарантийного отдела, попадает на бесплатное хранение..\n.Максимальный срок гарантийного ремонта составляет 45 дней..\n.Клиент должен забрать товар в течение пяти месяцев после завершения гарантийного ремонта. Если этого не произошло, то после истечения срока за каждый день хранения начисляется стоимость равная 5% стоимости товара. В случае, если стоимость хранения превышает стоимость товара, его цена идет в счет оплаты услуг по хранения. Соответственно, клиенту товар не выдается..\n.Комплектация товара при выдаче из гарантийного отдела совпадает с комплектацией при сдаче в ремонт..\n.Для получения товара из ремонта клиент должен предъявить бланк заказа, который был выдан ему при передаче техники гарантийному отделу..\n.Если при осмотре товара были выявлены скрытые дефекты, возникшие по вине клиента, товар возвращается без гарантийного обслуживания..\n.\n.Причины для отказа проведения гарантийного ремонта .\n.\n.Гарантийный ремонт распространяется на: .\n.\n.Товар, имеющий повреждения, вызванные неправильными условиями хранения, использования и транспортировки, а также эксплуатацией в условиях, не предусмотренных производителем..\n.Товар, вышедший из строя в результате стихийных бедствий или скачков напряжения в сети..\n.Товар, имеющий следы тепловых или механических повреждений..\n.Товар с поврежденными, удаленными или переклеенными заводскими серийными номерами..\n.Товар, несущий следы попадания внутрь посторонних веществ и предметов, а также имеющий посторонние надписи..\n.Товар, имеющий следы несанкционированного ремонта или вмешательства (вскрытие корпуса, замена элементов, кустарная пайка)..\n.Товар, снабженный средствами самодиагностики, зафиксировавшими ненадлежащую эксплуатацию..\n.Товар с дефектами, возникшими в результате использования вместе с некачественными принадлежностями или выработавшими ресурс..\n.Расходные материалы, соединительные и интерфейсные кабели..\n.\n.Продажа продукции дистанционным методом .\n.\n.Товар надлежащего качества может быть возвращен, если был сохранен его товарный вид и потребительские свойства. Кроме того, он должен быть укомплектован документом, который подтверждает факт его покупки в конкретной компании. При отсутствии документа, подтверждающего факт покупки, он может ссылаться на иные доказательства, подтверждающие факт покупки в компании..\n.Покупатель не может отказаться от продукции надлежащего качества, если она имеет индивидуально-определенные свойства, делающие её использование возможным только приобретающим покупателем..\n.Если покупатель отказывается от товара, денежная сумма, уплаченная в соответствии с договором, возвращается ему продавцом в течение 10 дней после предъявления требования потребителем за вычетом расходов, которые продавец понес при организации доставки товара..\n.Для осуществления возврата Товара, следует обратиться в Компанию и получить от менеджера данные для отправки Товара Новой Почтой..\n.\n.Возврат средств .\n.\r\n\tВозвратом средств покупатель может воспользоваться в перечисленных ниже случаях. Воспользоваться этим правом он может в течение 14 суток, начиная со дня покупки. Возвращается полная стоимость, которая указана в товарном чеке.\r\n.\n.Основные положения по возврату средств: .\n.\n.Возврат средств может распространяться на компьютерные комплектующие, которые были куплены в компании \"battery.net.ua\" частными лицами в розницу, как по пластиковой карте, так и по наличном расчету, независимо от того, где была куплена продукция – в магазине или интернет-магазине..\n.Услуга не охватывает продукцию, покупаемую в кредит, и товары, укомплектованные лицензионным программным обеспечением..\n.Услуга по возврату средств охватывает только исправные товары, имеющие полную комплектность (драйвера, соединительные шнуры, гарантийные талоны, упаковка, описание). Для возврата средств товар не должен нести следы эксплуатации. Не только само изделие, но и его упаковка должны сохранять товарный вид. Если он был нарушен, у покупателя есть возможность воспользоваться платными услугами для его восстановления. Для определения возможности оказания данной услуги следует обратиться к специалистам гарантийного отдела..\n.Товар должен быть возвращен в гарантийный отдел того магазина, в котором был приобретен. .\n.Чтобы вернуть деньги, клиент должен предоставить оригинал паспорта, товарного и кассового чека магазина..\n.\n.Процедура возврата средств включает в себя: .\n.\n.Установление факта распространения услуги на данный товар..\n.Передача товара гарантийному отделу магазина, в котором он был приобретен. Сотрудники отдела производят внешний осмотр, а в случаях когда это необходимо – проверку работоспособности. После этого они принимают решение о возможности возврата средств..\n. Оформление возврата денег в месте покупки товара. Деньги могут быть возвращены в любой рабочий день (с понедельника по пятницу) с 10:00 до 18:00..\n.\n.\n.\n.\n.\n.\n.\n.Доставка:.\n\t\t\tНовой почтой\r\nУкрпочтой\t\t.\n.Контакты:.\n.\n.+38 044 379 3109. .office@battery.net.ua. .\n.\n.Офис:.\n.\n.г. Киев, ул. Борисоглебская 15Г. Самовывоз временно недоступен..\n.График работы: Пн-Пт с 10 до 19.\n.Показать на карте.\n.\n.\n.Принимаем к оплате:.\n.\n.\n.\n.\n.\n.\n.\n                Стать партнером            .\n.\n.\n.Мы работаем в городах Украины:.\n.\n.Одесса.Львов.Киев.Днепр.Харьков.Запорожье.Кривой Рог.Николаев.Полтава.Винница.Херсон.Чернигов.Черкассы.Житомир.Черновцы.Хмельницкий.Каменец-Подольский.Бровары.Ровно.Кропивницкий.Кременчуг.Ивано-Франковск.Тернополь.Белая Церковь.Луцк.Мелитополь.Никополь.Бердянск.Ужгород.Сумы. .\n.\n.\n            Весь контент, выложенный на нашем сайте, принадлежащий третьим лицам и остается собственностью его законных правообладателей. Сюда входят логотипы, технологии, названия торговых марок и торговых знаков. Эти данные используется на сайте исключительно для иллюстрации, а также в качестве справочно-ознакомительного материала.\t\t.\n.\n.\n.\n.\n. .\n.\n.\n.\n.\n.\n.\n.\n.Забыли пароль?.\n.\n.\n.\n.\n.\n.\n.\n.\n.\n.\n.\n.\n.\n.\n.\n.\n.\n.\n.\n.\n.Заказать обратный звонок.\n.Связаться с нами.\n.Вы можете позвонить нам по телефону .+38 044 379 3109. или заказать обратный звонок с помощью формы ниже..\n.\n.\n.\n.\n.\n.\n.\n.\n.\n.Найдем за вас.\n.Мы поможем подобрать за Вас нужную деталь для вашего устройства.\n.\n.\n.\n.\n.\n.\n.\n.\n.\n.\n.Уведомить о наличии.\n.\n.Уважаемый покупатель, на данный момент на складе нет данного товара. Оставьте, пожалуйста, Ваши контактные данные и Вам придет на e-mail уведомление о поступлении товара на склад. Вы всегда можете обратиться за помощью к нашим специалистам позвонив или написав нам, мы подберем товар который Вам требуется..\n.\n.\n.\n.\n.\n.\n.\n.\n.\n.\n.\n.\n.\n.Написать отзыв.\n.\n.\n.\n.\n.\n.\n.\n.\n.\n.\n.\n.\n.\n.\n.\n.\n.\n.\n.\n.\n.\n.\n"
}