{
    "url": "https://battery.net.ua/catalog/bloki-pitaniya-dlya-planshetov",
    "site_text": "\n.\n.\n.\n.\n.\n.\n.Зарядка для планшета, цены | Купить блок питания для планшета, зарядка на планшет.\n.\n.\n.\n.\n.\n.\n.\n.\n.\n.\n.\n.\n.\n.\n.\n.\n.\n.\n.\n.\n.\r\n            {\"javaScript_searchResultsByModel\":\"Результаты поиска по модели:\",\"javaScript_searchResultsByArticul\":\"Результаты поиска по артикулу:\",\"javaScript_modelsNotFound\":\"По вашему запросу модели не найдены\",\"javaScript_enterModel\":\"Уточните модель, например\",\"javaScript_productsNotFound\":\"По вашему запросу товары не найдены\",\"javaScript_enterUkText\":\"Заполните данные на украинском языке\",\"javaScript_nalozhPay\":\"javaScript.nalozhPay\",\"javaScript_payWhenGet\":\"javaScript.payWhenGet\",\"javaScript_senderNpFree\":\"javaScript.senderNpFree\",\"javaScript_Free\":\"(бесплатно)\",\"javaScript_catalog_gotoresults\":\"Перейти к результатам\"}        .\n.\n.\n.\n.\n.\n.\n.\n.\n.\n.\n.\n.Все буде Україна!.Ми працюємо у воєнний час. Усі замовлення своєчасно обробляються та відправляются у доступні регіони.. .\n.\n.\n.\n.\n.\n.\n.\n.\n.\n.\n.О нас.Доставка.Гарантия.Сотрудничество.Контакты.Отзывы.\n.Uk.Ru.\n.\n. .\n.\n.\n.Корзина.\n.\n.\n.\n.\n.\n.Battery.net.ua.\n.\n.\n.\n.\n.\n.\n.\n.\n.\n.\n.\n.О нас.Доставка.Гарантия.Сотрудничество.Контакты.Отзывы.\n.Uk.Ru.\n.\n. .\n.\n.\n.\n.\n.\n.\n.\n.\n.\n.\n.\n\t\t+38 044 379 3109.Call back.\n.\n.\n.\n        Получить доступ к оптовым ценам\t.\n.\n.\n.\n.\n.\n.\n.Запчасти для ноутбуков.\n.\n.Запчасти для планшетов.\n.\n.Запчасти для телефонов.\n.\n.Другое.\n. .\n.\n.\n.\n.\n.\n.Запчасти для ноутбуков.\n.\n.\n. / \n.\n.\n.Блоки питания для планшетов.\n.\n.\n.\n.\n.Блоки питания для планшетов.\n.\n.\r\n\tПриветствуем Вас на сайте компании .battery.net.ua.! При помощи подсказок ниже Вы легко подберете .Блоки питания для планшетов. параметры которых подойдут именно для вашего устройства. Купить Блоки питания для планшетов в нашем интернет-магазине Вы сможете по самой выгодной цене в Украине..\n.\n.\n.\n.\n.Поиск по модели.\n.Поиск по параметрам.\n.\n.\n.\n.\n.\n.\n.\n.\n.\n.\n.\n.Бренд.\n.\n.Выберите бренд.\n.Acer.\n.Asus.\n.D-Link.\n.Dell.\n.Huawei.\n.Lenovo.\n.Microsoft.\n.OMNI.\n.Samsung.\n.Sony.\n.XiaoMi.\n.ZTE.\n.Универсальный.\n.\n.\n.\n.Серия.\n.\n.Выберите серию.\n.\n.\n.\n.Модель.\n.\n.Выберите модель.\n.\n.\n.\n.Не нашли устройство?.\n.\n.\n.Переверните планшет.\n.\n.\n.\n.\n.\n.\n.\n.\n.\n\t\t\t\t\t\tМощность\t\t\t\t\t\t\t\t\t\t\t\t.\n.\n.\n.\n.\n.10 W. .(7).\n.\n.\n.\n.\n.11 W. .(1).\n.\n.\n.\n.\n.12 W. .(2).\n.\n.\n.\n.\n.15 W. .(3).\n.\n.\n.\n.\n.18 W. .(8).\n.\n.\n.\n.\n.21 W. .(1).\n.\n.\n.\n.\n.24 W. .(5).\n.\n.\n.\n.\n.30 W. .(1).\n.\n.\n.\n.\n.36 W. .(2).\n.\n.\n.\n.\n.37 W. .(1).\n.\n.\n.\n.\n.45 W. .(1).\n.\n.\n.\n.\n.7.5 W. .(1).\n.\n. .\n.\n.\n.\n\t\t\t\t\t\tНапряжение\t\t\t\t\t\t\t\t\t\t\t\t.\n.\n.\n.\n.\n.10.5V. .(1).\n.\n.\n.\n.\n.12 V. .(12).\n.\n.\n.\n.\n.15 V. .(3).\n.\n.\n.\n.\n.5 V. .(10).\n.\n.\n.\n.\n.5.25 V. .(1).\n.\n.\n.\n.\n.5.35 V. .(1).\n.\n.\n.\n.\n.9 V. .(2).\n.\n.\n.\n.\n.9.3 V. .(1).\n.\n. .\n.\n.\n.\n\t\t\t\t\t\tРазъем\t\t\t\t\t\t\t\t\t\t\t\t.\n.\n.\n.\n.\n.2.5x0.7mm. .(2).\n.\n.\n.\n.\n.3.0x1.0mm. .(3).\n.\n.\n.\n.\n.3.0x1.1mm. .(1).\n.\n.\n.\n.\n.4 pin. .(1).\n.\n.\n.\n.\n.40 pin. .(3).\n.\n.\n.\n.\n.5 Pin Mag. .(1).\n.\n.\n.\n.\n.5.5x2.1mm. .(3).\n.\n.\n.\n.\n.5.5x2.5mm. .(5).\n.\n.\n.\n.\n.MicroUSB. .(3).\n.\n.\n.\n.\n.miniUSB. .(2).\n.\n.\n.\n.\n.SATA. .(1).\n.\n.\n.\n.\n.surfacePD. .(1).\n.\n.\n.\n.\n.USB. .(2).\n.\n.\n.\n.\n.USB Type-C. .(1).\n.\n. .\n.\n.\n.\n\t\t\t\t\t\tСила тока\t\t\t\t\t\t\t\t\t\t\t\t.\n.\n.\n.\n.\n.0.5 A. .(1).\n.\n.\n.\n.\n.1,5 A. .(4).\n.\n.\n.\n.\n.1,6 A. .(2).\n.\n.\n.\n.\n.1:00 AM. .(2).\n.\n.\n.\n.\n.2 A. .(1).\n.\n.\n.\n.\n.2.58 A. .(1).\n.\n.\n.\n.\n.2.9 A. .(1).\n.\n.\n.\n.\n.2:00 AM. .(11).\n.\n.\n.\n.\n.3.6 A. .(1).\n.\n.\n.\n.\n.3:00 AM. .(4).\n.\n.\n.\n.\n.4:00 AM. .(2).\n.\n. .\n.\n.\n.\n\t\t\t\t\t\tТип разъема\t\t\t\t\t\t\t\t\t\t\t.\n.\n.\n.\n.40 Pin. .(1).\n.\n.\n.\n.\n.5 Pin Mag. .(1).\n.\n.\n.\n.\n.MicroUSB. .(2).\n.\n. .\n.\n.\n.\n\t\t\t\t\t\tЦвет\t\t\t\t\t\t\t\t\t\t\t.\n.\n.\n.\n.черный. .(33).\n.\n. .\n.\n.\n.\n.\n. .\n.Блок питания для планшета по брендам:.\n.\n.Acer.Asus.D-Link.Dell.Huawei.Lenovo.Microsoft.OMNI.Samsung.Sony.XiaoMi.ZTE.Универсальный. .\n.\n.Блок питания для планшета Acer 10 (SW5-011).\n.\n.\n.\n.\n.Код: 059090.\n.\n.\n.\n.\n.\n.\n.Зарядка для планшета Acer AR181203011QC | 12 V | 18 W | .\n.\n.\n.\n.\n.\n.\n.\n.Мощность.\n.18 W.\n.\n.\n.Напряжение.\n.12 V.\n.\n.\n.Разъем.\n.3.0x1.1mm.\n.\n.\n.Гарантия.\n.12 мес..\n.\n.\n.Состояние.\n.Новый.\n.\n.\n.Цвет.\n.черный.\n.\n.\n.\n.\n.\n.\n.\n.\n.\n.Блок питания для планшета Acer 10 (SW5-012).\n.\n.\n.\n.\n.Код: 059090.\n.\n.\n.\n.\n.\n.\n.Зарядка для планшета Acer AR181203011QC | 12 V | 18 W | .\n.\n.\n.\n.\n.\n.\n.\n.Мощность.\n.18 W.\n.\n.\n.Напряжение.\n.12 V.\n.\n.\n.Разъем.\n.3.0x1.1mm.\n.\n.\n.Гарантия.\n.12 мес..\n.\n.\n.Состояние.\n.Новый.\n.\n.\n.Цвет.\n.черный.\n.\n.\n.\n.\n.\n.\n.\n.\n.\n.Блок питания для планшета Acer A100.\n.\n.\n.\n.\n.Код: 006530.\n.\n.\n.\n.\n.\n.\n.Зарядка для планшета Acer YGY | 12 V | 24 W | 2:00 AM.\n.\n.\n.\n.\n.\n.\n.\n.Мощность.\n.24 W.\n.\n.\n.Напряжение.\n.12 V.\n.\n.\n.Разъем.\n.3.0x1.0mm.\n.\n.\n.Сила тока.\n.2:00 AM.\n.\n.\n.Гарантия.\n.12 мес..\n.\n.\n.Состояние.\n.Новый.\n.\n.\n.Цвет.\n.черный.\n.\n.\n.\n.\n.\n.\n.\n.\n.\n.Блок питания для планшета Acer A101.\n.\n.\n.\n.\n.Код: 006530.\n.\n.\n.\n.\n.\n.\n.Зарядка для планшета Acer YGY | 12 V | 24 W | 2:00 AM.\n.\n.\n.\n.\n.\n.\n.\n.Мощность.\n.24 W.\n.\n.\n.Напряжение.\n.12 V.\n.\n.\n.Разъем.\n.3.0x1.0mm.\n.\n.\n.Сила тока.\n.2:00 AM.\n.\n.\n.Гарантия.\n.12 мес..\n.\n.\n.Состояние.\n.Новый.\n.\n.\n.Цвет.\n.черный.\n.\n.\n.\n.\n.\n.\n.\n.\n.\n.Блок питания для планшета Acer A200.\n.\n.\n.\n.\n.Код: 059089.\n.\n.\n.\n.\n.\n.\n.Зарядка для планшета Acer AR181203011QC | 12 V | 18 W | 1,5 A.\n.\n.\n.\n.\n.\n.\n.\n.Мощность.\n.18 W.\n.\n.\n.Напряжение.\n.12 V.\n.\n.\n.Разъем.\n.3.0x1.0mm.\n.\n.\n.Сила тока.\n.1,5 A.\n.\n.\n.Гарантия.\n.12 мес..\n.\n.\n.Состояние.\n.Новый.\n.\n.\n.Цвет.\n.черный.\n.\n.\n.\n.\n.\n.\n.Код: 006530.\n.\n.\n.\n.\n.\n.\n.Зарядка для планшета Acer YGY | 12 V | 24 W | 2:00 AM.\n.\n.\n.\n.\n.\n.\n.\n.Мощность.\n.24 W.\n.\n.\n.Напряжение.\n.12 V.\n.\n.\n.Разъем.\n.3.0x1.0mm.\n.\n.\n.Сила тока.\n.2:00 AM.\n.\n.\n.Гарантия.\n.12 мес..\n.\n.\n.Состояние.\n.Новый.\n.\n.\n.Цвет.\n.черный.\n.\n.\n.\n.\n.\n.\n.\n.\n.\n.Блок питания для планшета Acer A211.\n.\n.\n.\n.\n.Код: 006530.\n.\n.\n.\n.\n.\n.\n.Зарядка для планшета Acer YGY | 12 V | 24 W | 2:00 AM.\n.\n.\n.\n.\n.\n.\n.\n.Мощность.\n.24 W.\n.\n.\n.Напряжение.\n.12 V.\n.\n.\n.Разъем.\n.3.0x1.0mm.\n.\n.\n.Сила тока.\n.2:00 AM.\n.\n.\n.Гарантия.\n.12 мес..\n.\n.\n.Состояние.\n.Новый.\n.\n.\n.Цвет.\n.черный.\n.\n.\n.\n.\n.\n.\n.\n.\n.\n.Блок питания для планшета Acer A500.\n.\n.\n.\n.\n.Код: 006530.\n.\n.\n.\n.\n.\n.\n.Зарядка для планшета Acer YGY | 12 V | 24 W | 2:00 AM.\n.\n.\n.\n.\n.\n.\n.\n.Мощность.\n.24 W.\n.\n.\n.Напряжение.\n.12 V.\n.\n.\n.Разъем.\n.3.0x1.0mm.\n.\n.\n.Сила тока.\n.2:00 AM.\n.\n.\n.Гарантия.\n.12 мес..\n.\n.\n.Состояние.\n.Новый.\n.\n.\n.Цвет.\n.черный.\n.\n.\n.\n.\n.\n.\n.\n.\n.\n.Блок питания для планшета Acer A501.\n.\n.\n.\n.\n.Код: 006530.\n.\n.\n.\n.\n.\n.\n.Зарядка для планшета Acer YGY | 12 V | 24 W | 2:00 AM.\n.\n.\n.\n.\n.\n.\n.\n.Мощность.\n.24 W.\n.\n.\n.Напряжение.\n.12 V.\n.\n.\n.Разъем.\n.3.0x1.0mm.\n.\n.\n.Сила тока.\n.2:00 AM.\n.\n.\n.Гарантия.\n.12 мес..\n.\n.\n.Состояние.\n.Новый.\n.\n.\n.Цвет.\n.черный.\n.\n.\n.\n.\n.\n.\n.\n.\n.\n.Блок питания для планшета Acer W3-810.\n.\n.\n.\n.\n.Код: 059089.\n.\n.\n.\n.\n.\n.\n.Зарядка для планшета Acer AR181203011QC | 12 V | 18 W | 1,5 A.\n.\n.\n.\n.\n.\n.\n.\n.Мощность.\n.18 W.\n.\n.\n.Напряжение.\n.12 V.\n.\n.\n.Разъем.\n.3.0x1.0mm.\n.\n.\n.Сила тока.\n.1,5 A.\n.\n.\n.Гарантия.\n.12 мес..\n.\n.\n.Состояние.\n.Новый.\n.\n.\n.Цвет.\n.черный.\n.\n.\n.\n.\n.\n.\n.Код: 059090.\n.\n.\n.\n.\n.\n.\n.Зарядка для планшета Acer AR181203011QC | 12 V | 18 W | .\n.\n.\n.\n.\n.\n.\n.\n.Мощность.\n.18 W.\n.\n.\n.Напряжение.\n.12 V.\n.\n.\n.Разъем.\n.3.0x1.1mm.\n.\n.\n.Гарантия.\n.12 мес..\n.\n.\n.Состояние.\n.Новый.\n.\n.\n.Цвет.\n.черный.\n.\n.\n.\n.\n.\n.\n.\n.\n.\n.Блок питания для планшета Asus SL101.\n.\n.\n.\n.\n.Код: 006270.\n.\n.\n.\n.\n.\n.\n.Зарядка для планшета Asus ADP-18BW | 15 V | 18 W | 1,5 A.\n.\n.\n.\n.\n.\n.\n.\n.Мощность.\n.18 W.\n.\n.\n.Напряжение.\n.15 V.\n.\n.\n.Разъем.\n.40 pin.\n.\n.\n.Сила тока.\n.1,5 A.\n.\n.\n.Гарантия.\n.12 мес..\n.\n.\n.Состояние.\n.Новый.\n.\n.\n.Тип разъема.\n.40 Pin.\n.\n.\n.Цвет.\n.черный.\n.\n.\n.\n.\n.\n.\n.\n.\n.\n.Блок питания для планшета Asus TF101.\n.\n.\n.\n.\n.Код: 006270.\n.\n.\n.\n.\n.\n.\n.Зарядка для планшета Asus ADP-18BW | 15 V | 18 W | 1,5 A.\n.\n.\n.\n.\n.\n.\n.\n.Мощность.\n.18 W.\n.\n.\n.Напряжение.\n.15 V.\n.\n.\n.Разъем.\n.40 pin.\n.\n.\n.Сила тока.\n.1,5 A.\n.\n.\n.Гарантия.\n.12 мес..\n.\n.\n.Состояние.\n.Новый.\n.\n.\n.Тип разъема.\n.40 Pin.\n.\n.\n.Цвет.\n.черный.\n.\n.\n.\n.\n.\n.\n.\n.\n.\n.Блок питания для планшета Asus TF101G.\n.\n.\n.\n.\n.Код: 006270.\n.\n.\n.\n.\n.\n.\n.Зарядка для планшета Asus ADP-18BW | 15 V | 18 W | 1,5 A.\n.\n.\n.\n.\n.\n.\n.\n.Мощность.\n.18 W.\n.\n.\n.Напряжение.\n.15 V.\n.\n.\n.Разъем.\n.40 pin.\n.\n.\n.Сила тока.\n.1,5 A.\n.\n.\n.Гарантия.\n.12 мес..\n.\n.\n.Состояние.\n.Новый.\n.\n.\n.Тип разъема.\n.40 Pin.\n.\n.\n.Цвет.\n.черный.\n.\n.\n.\n.\n.\n.\n.\n.\n.\n.Блок питания для планшета Asus TF201 Prime.\n.\n.\n.\n.\n.Код: 006270.\n.\n.\n.\n.\n.\n.\n.Зарядка для планшета Asus ADP-18BW | 15 V | 18 W | 1,5 A.\n.\n.\n.\n.\n.\n.\n.\n.Мощность.\n.18 W.\n.\n.\n.Напряжение.\n.15 V.\n.\n.\n.Разъем.\n.40 pin.\n.\n.\n.Сила тока.\n.1,5 A.\n.\n.\n.Гарантия.\n.12 мес..\n.\n.\n.Состояние.\n.Новый.\n.\n.\n.Тип разъема.\n.40 Pin.\n.\n.\n.Цвет.\n.черный.\n.\n.\n.\n.\n.\n.\n.\n.\n.\n.Блок питания для планшета Asus TF300.\n.\n.\n.\n.\n.Код: 006270.\n.\n.\n.\n.\n.\n.\n.Зарядка для планшета Asus ADP-18BW | 15 V | 18 W | 1,5 A.\n.\n.\n.\n.\n.\n.\n.\n.Мощность.\n.18 W.\n.\n.\n.Напряжение.\n.15 V.\n.\n.\n.Разъем.\n.40 pin.\n.\n.\n.Сила тока.\n.1,5 A.\n.\n.\n.Гарантия.\n.12 мес..\n.\n.\n.Состояние.\n.Новый.\n.\n.\n.Тип разъема.\n.40 Pin.\n.\n.\n.Цвет.\n.черный.\n.\n.\n.\n.\n.\n.\n.\n.\n.\n.Блок питания для планшета Asus TF300T.\n.\n.\n.\n.\n.Код: 006270.\n.\n.\n.\n.\n.\n.\n.Зарядка для планшета Asus ADP-18BW | 15 V | 18 W | 1,5 A.\n.\n.\n.\n.\n.\n.\n.\n.Мощность.\n.18 W.\n.\n.\n.Напряжение.\n.15 V.\n.\n.\n.Разъем.\n.40 pin.\n.\n.\n.Сила тока.\n.1,5 A.\n.\n.\n.Гарантия.\n.12 мес..\n.\n.\n.Состояние.\n.Новый.\n.\n.\n.Тип разъема.\n.40 Pin.\n.\n.\n.Цвет.\n.черный.\n.\n.\n.\n.\n.\n.\n.\n.\n.\n.Загрузить еще 15 моделей.\n.\n.\n.1.2.3.4.». .\n.\n.\n.\n.\n.Отзывы пользователей.\n.Оставить отзыв.\n.\n.У нас пока что нет отзывов..\n.\n.\n.\n.\n.\n.Быстро и качественно доставляем.\n.Наша компания производит доставку по всей Украине курьерской службой Новая Почта с оплатой в момент получения.\n.\n.\n.Гарантия качества и сервисное обслуживание.\n.Мы предлагаем только те товары, в качестве которых мы уверены.\n.\n.\n.Беспроблемный возврат в течении 14 суток.\n.Быстро заменим или вернем средства за товар.\n.\n.\n.\n.Блок питания для планшета от BatteryNet.\n.\n.\n.\n.\r\n\tВ современном мире блоки питания и зарядные устройства для планшетов являются неотъемлемыми атрибутами повседневной жизни.\r\n.\n.\r\n\tИменно они предоставляют возможность комфортного использования мобильных устройств, обеспечивая их своевременной зарядкой.\r\n.\n.\r\n\tВажно правильно выбрать адаптер питания для планшета, учитывая множество факторов, о которых и пойдет речь в данной статье.\r\n.\n.Как подобрать блок питания для планшета?.\n.\n.\n.\n.\r\n\tЧтобы подобрать оптимальный вариант блока питания или зарядного устройства, следует учитывать следующие параметры:\r\n.\n.\n.Совместимость:. Обязательно убедитесь, что выбираемый адаптер питания совместим с вашим планшетом. Уточните модель планшета и требуемые параметры зарядки, указанные производителем..\n.Выходное напряжение:. Для корректной зарядки планшета необходимо использовать блок питания с определенным выходным напряжением, указанным на устройстве или в его документации..\n.Ток зарядки:. Разные планшеты требуют разного тока зарядки. При выборе адаптера питания учитывайте этот параметр, чтобы обеспечить оптимальную скорость зарядки..\n.Качество и безопасность:. Для обеспечения надежной зарядки и продолжительного срока службы блока питания выбирайте продукцию проверенных производителей, имеющую сертификаты качества..\n.Дополнительные функции:. Некоторые адаптеры предлагают дополнительные возможности, такие как USB-порты для зарядки дополнительных устройств или функцию быстрой зарядки..\n.\n.Таблица параметров блока питания для планшетов.\n.\r\n\tНиже приведены популярные термины, которые могут вам помочь выбрать правильный блок питания в свой планшет.\r\n.\n.\n.\r\n\tВыбор правильного блока питания или зарядного устройства для планшета - важный аспект, который влияет на качество зарядки и продолжительность использования устройства.\r\n.\n.\n.\n.\n.\r\n\tУчитывайте все вышеуказанные параметры при выборе адаптера, и вы сможете обеспечить надежную и быструю зарядку для своего планшета.\r\n.\n.Популярные бренды зарядок для планшета.\n.\r\n\tВ нашем интернет-магазине большой популярностью пользуются зарядные устройства для планшета следующих брендов:\r\n.\n.\n.блок питания для планшета Samsung.;.\n.блок питания для планшета Asus.;.\n.блок питания для планшета Acer.;.\n.блок питания для планшета Dell.;.\n.блок питания для планшета Lenovo.;.\n.блок питания для планшета XiaoMi.;.\n.блок питания для планшета Sony.;.\n.блок питания для планшета Microsoft.;.\n.блок питания для планшета Huawei. и др бренды..\n.\n.\r\n\tДальше рассмотрим полезные советы, которые стоит учесть при выборе зарадяки на планшет.\r\n.\n.Дополнительные советы по выбору и использованию блоков питания для планшетов.\n.\n.\n.\n.\r\n\tПомимо основных параметров, рассмотренных выше, существует несколько дополнительных аспектов, которые могут облегчить выбор и использование блоков питания и зарядных устройств для планшетов.\r\n.\n.\n.Разъемы:. Обратите внимание на тип разъема зарядного устройства. Различные планшеты могут использовать разные разъемы, такие как micro-USB, USB-C, Lightning и др. Выберите адаптер с соответствующим разъемом..\n.Длина кабеля:. Длинный кабель позволяет удобнее использовать планшет во время зарядки, но также может привести к снижению эффективности зарядки. Рассмотрите свои потребности и выберите подходящую длину кабеля..\n.Переходники и адаптеры:. Если вы путешествуете или используете зарядное устройство в разных странах, имеет смысл приобрести адаптер с совместимыми разъемами для разных регионов..\n.Оригинальные и неоригинальные аксессуары:. Оригинальные зарядные устройства от производителя обычно обладают более высоким качеством и надежностью, однако стоят дороже. При выборе неоригинальных аксессуаров убедитесь, что они имеют положительные отзывы и сертификацию качества..\n.Хранение и уход:. Чтобы продлить срок службы блока питания, избегайте перегибов кабеля и сохраняйте устройство в сухом и прохладном месте, подальше от прямого солнечного света и высоких температур..\n.\n.\r\n\tС учетом всех этих рекомендаций, вы сможете выбрать и использовать блок питания для планшета, который будет соответствовать вашим потребностям и обеспечит надежную и быструю зарядку для вашего устройства.\r\n.\n.Часто задаваемые вопросы о блоках питания для планшетов.\n.\r\n\tВ ходе выбора блока питания или зарядного устройства для планшета могут возникнуть различные вопросы.\r\n.\n.\n.\n.\n.\r\n\tРассмотрим наиболее часто задаваемые из них и дадим разъяснения.\r\n.\n.1. Можно ли использовать зарядное устройство для смартфона для зарядки планшета?.\n.\r\n\tВ некоторых случаях это возможно, если параметры выходного напряжения и тока зарядного устройства соответствуют требованиям планшета.\r\n.\n.\r\n\tОднако, учтите, что зарядка может происходить медленнее, чем при использовании специализированного зарядного устройства для планшета.\r\n.\n.2. Можно ли заряжать планшет от компьютера или ноутбука?.\n.\r\n\tДа, зарядка планшета от компьютера или ноутбука возможна через USB-порт, но скорость зарядки, как правило, будет ниже, чем при использовании сетевого адаптера.\r\n.\n.3. Влияет ли использование неоригинального блока питания на гарантию планшета?.\n.\r\n\tИспользование неоригинального блока питания может нарушить гарантийные условия некоторых производителей планшетов.\r\n.\n.\r\n\tРекомендуется проверить гарантийные условия и требования производителя перед использованием неоригинальных аксессуаров.\r\n.\n.4. Как определить, что блок питания неисправен?.\n.\r\n\tПризнаки неисправного блока питания могут включать ненадежную зарядку, нагрев устройства, странные запахи или шумы. Если вы заметили один из этих симптомов, рекомендуется заменить блок питания на новый.\r\n.\n.\r\n\tСледуя советам и рекомендациям, изложенным в данной статье, вы сможете сделать обоснованный выбор блока питания или зарядного устройства для своего планшета, обеспечив его надежной и быстрой зарядкой.\r\n.\n.\r\n\tНе забывайте учитывать все параметры и особенности использования планшета, чтобы гарантировать оптимальное качество и длительный срок службы аксессуаров.\r\n.\n.Выбор блока питания в зависимости от бюджета и потребностей.\n.\r\n\tНа рынке представлено множество вариантов блоков питания и зарядных устройств для планшетов разных ценовых категорий.\r\n.\n.\n.\n.\n.\r\n\tРассмотрим несколько опций, которые могут подойти вам в зависимости от вашего бюджета и потребностей.\r\n.\n.Бюджетный вариант.\n.\r\n\tЕсли ваш бюджет ограничен, обратите внимание на базовые модели зарядных устройств от менее известных брендов.\r\n.\n.\r\n\tВажно убедиться, что блок питания соответствует требованиям вашего планшета и имеет достаточное количество положительных отзывов от пользователей.\r\n.\n.\r\n\tПриоритет отдавайте продукции с сертификатами качества и безопасности.\r\n.\n.Средний ценовой сегмент.\n.\r\n\tВ среднем ценовом сегменте вы можете найти качественные зарядные устройства от проверенных производителей с дополнительными функциями, такими как несколько USB-портов, функция быстрой зарядки или совместимость с различными устройствами.\r\n.\n.\r\n\tТакие блоки питания обеспечат надежную зарядку и длительный срок службы.\r\n.\n.Премиум-сегмент.\n.\r\n\tЕсли вы готовы потратить больше, вы можете выбрать оригинальные зарядные устройства от производителя вашего планшета или премиум-аксессуары с расширенным функционалом.\r\n.\n.\r\n\tЭти блоки питания обеспечивают оптимальное качество зарядки, защиту от перегрузок и перегрева, а также стильный дизайн и высокую надежность.\r\n.\n.\r\n\tВ зависимости от вашего бюджета и потребностей, вы можете выбрать блок питания или зарядное устройство, которое будет соответствовать требованиям вашего планшета и обеспечит комфортное использование устройства в повседневной жизни.\r\n.\n.\n.\n.\n.\n.\n.\n.Доставка:.\n\t\t\tНовой почтой\r\nУкрпочтой\t\t.\n.Контакты:.\n.\n.+38 044 379 3109. .office@battery.net.ua. .\n.\n.Офис:.\n.\n.г. Киев, ул. Борисоглебская 15Г. Самовывоз временно недоступен..\n.График работы: Пн-Пт с 10 до 19.\n.Показать на карте.\n.\n.\n.Принимаем к оплате:.\n.\n.\n.\n.\n.\n.\n.\n                Стать партнером            .\n.\n.\n.Мы работаем в городах Украины:.\n.\n.Одесса.Львов.Киев.Днепр.Харьков.Запорожье.Кривой Рог.Николаев.Полтава.Винница.Херсон.Чернигов.Черкассы.Житомир.Черновцы.Хмельницкий.Каменец-Подольский.Бровары.Ровно.Кропивницкий.Кременчуг.Ивано-Франковск.Тернополь.Белая Церковь.Луцк.Мелитополь.Никополь.Бердянск.Ужгород.Сумы. .\n.\n.\n            Весь контент, выложенный на нашем сайте, принадлежащий третьим лицам и остается собственностью его законных правообладателей. Сюда входят логотипы, технологии, названия торговых марок и торговых знаков. Эти данные используется на сайте исключительно для иллюстрации, а также в качестве справочно-ознакомительного материала.\t\t.\n.\n.\n.\n.\n. .\n.\n.\n.\n.\n.\n.\n.\n.Забыли пароль?.\n.\n.\n.\n.\n.\n.\n.\n.\n.\n.\n.\n.\n.\n.\n.\n.\n.\n.\n.\n.\n.Заказать обратный звонок.\n.Связаться с нами.\n.Вы можете позвонить нам по телефону .+38 044 379 3109. или заказать обратный звонок с помощью формы ниже..\n.\n.\n.\n.\n.\n.\n.\n.\n.\n.Найдем за вас.\n.Мы поможем подобрать за Вас нужную деталь для вашего устройства.\n.\n.\n.\n.\n.\n.\n.\n.\n.\n.\n.Уведомить о наличии.\n.\n.Уважаемый покупатель, на данный момент на складе нет данного товара. Оставьте, пожалуйста, Ваши контактные данные и Вам придет на e-mail уведомление о поступлении товара на склад. Вы всегда можете обратиться за помощью к нашим специалистам позвонив или написав нам, мы подберем товар который Вам требуется..\n.\n.\n.\n.\n.\n.\n.\n.\n.\n.\n.\n.\n.\n.Написать отзыв.\n.\n.\n.\n.\n.\n.\n.\n.\n.\n.\n.\n.\n.\n.\n.\n.\n.\n.\n.\n.\n.\n.\n.\n.\n"
}