{
    "url": "https://battery.net.ua/catalog/klaviatury",
    "site_text": "\n.\n.\n.\n.\n.\n.\n.Клавиатура для ноутбука, цены | Купить клавиатуру для ноутбука, клавиатуры для ноутбуков.\n.\n.\n.\n.\n.\n.\n.\n.\n.\n.\n.\n.\n.\n.\n.\n.\n.\n.\n.\n.\n.\r\n            {\"javaScript_searchResultsByModel\":\"Результаты поиска по модели:\",\"javaScript_searchResultsByArticul\":\"Результаты поиска по артикулу:\",\"javaScript_modelsNotFound\":\"По вашему запросу модели не найдены\",\"javaScript_enterModel\":\"Уточните модель, например\",\"javaScript_productsNotFound\":\"По вашему запросу товары не найдены\",\"javaScript_enterUkText\":\"Заполните данные на украинском языке\",\"javaScript_nalozhPay\":\"javaScript.nalozhPay\",\"javaScript_payWhenGet\":\"javaScript.payWhenGet\",\"javaScript_senderNpFree\":\"javaScript.senderNpFree\",\"javaScript_Free\":\"(бесплатно)\",\"javaScript_catalog_gotoresults\":\"Перейти к результатам\"}        .\n.\n.\n.\n.\n.\n.\n.\n.\n.\n.\n.\n.Все буде Україна!.Ми працюємо у воєнний час. Усі замовлення своєчасно обробляються та відправляются у доступні регіони.. .\n.\n.\n.\n.\n.\n.\n.\n.\n.\n.\n.О нас.Доставка.Гарантия.Сотрудничество.Контакты.Отзывы.\n.Uk.Ru.\n.\n. .\n.\n.\n.Корзина.\n.\n.\n.\n.\n.\n.Battery.net.ua.\n.\n.\n.\n.\n.\n.\n.\n.\n.\n.\n.\n.О нас.Доставка.Гарантия.Сотрудничество.Контакты.Отзывы.\n.Uk.Ru.\n.\n. .\n.\n.\n.\n.\n.\n.\n.\n.\n.\n.\n.\n\t\t+38 044 379 3109.Call back.\n.\n.\n.\n        Получить доступ к оптовым ценам\t.\n.\n.\n.\n.\n.\n.\n.Запчасти для ноутбуков.\n.\n.Запчасти для планшетов.\n.\n.Запчасти для телефонов.\n.\n.Другое.\n. .\n.\n.\n.\n.\n.\n.Запчасти для ноутбуков.\n.\n.\n. / \n.\n.\n.Клавиатуры для ноутбуков.\n.\n.\n.\n.\n.Клавиатуры для ноутбуков.\n.\n.\r\n\tПриветствуем Вас на сайте компании .battery.net.ua.! При помощи подсказок ниже Вы легко подберете .Клавиатуры для ноутбуков. параметры которых подойдут именно для вашего устройства. Купить Клавиатуры для ноутбуков в нашем интернет-магазине Вы сможете по самой выгодной цене в Украине..\n.\n.\n.\n.\n.Поиск по модели.\n.Поиск по параметрам.\n.\n.\n.\n.\n.\n.\n.\n.\n.Бренд.\n.\n.Выберите бренд.\n.Acer.\n.Alienware.\n.Apple.\n.Asus.\n.Benq.\n.Casper.\n.Clevo.\n.Compaq.\n.Dell.\n.DNS.\n.eMachines.\n.Fujitsu.\n.Fujitsu-Siemens.\n.Gateway.\n.Haier.\n.HP.\n.Lenovo.\n.LG.\n.Medion.\n.MSI.\n.Packard Bell.\n.Prestigio.\n.Roverbook.\n.Samsung.\n.Sony.\n.Toshiba.\n.XiaoMi.\n.Универсальный.\n.\n.\n.\n.Серия.\n.\n.Выберите серию.\n.\n.\n.\n.Модель.\n.\n.Выберите модель.\n.\n.\n.\n.Не нашли устройство?.\n.\n.\n.Переверните ноутбук.\n.\n.\n.\n.\n.\n.\n.\n.\n.\n\t\t\t\t\t\tНаличие подсветки\t\t\t\t\t\t\t\t\t\t\t\t.\n.\n.\n.\n.\n.Да. .(308).\n.\n.\n.\n.\n.Нет. .(1079).\n.\n. .\n.\n.\n.\n\t\t\t\t\t\tФрейм\t\t\t\t\t\t\t\t\t\t\t\t.\n.\n.\n.\n.\n.Без фрейма. .(624).\n.\n.\n.\n.\n.Белый фрейм. .(33).\n.\n.\n.\n.\n.Бронзовый фрейм. .(2).\n.\n.\n.\n.\n.Красный фрейм. .(4).\n.\n.\n.\n.\n.Розовый фрейм. .(2).\n.\n.\n.\n.\n.С фреймом. .(79).\n.\n.\n.\n.\n.Серебристый фрейм. .(58).\n.\n.\n.\n.\n.Серый фрейм. .(50).\n.\n.\n.\n.\n.Синий фрейм. .(2).\n.\n.\n.\n.\n.Черный фрейм. .(198).\n.\n. .\n.\n.\n.\n\t\t\t\t\t\tЦвет\t\t\t\t\t\t\t\t\t\t\t.\n.\n.\n.\n.белый. .(159).\n.\n.\n.\n.\n.бронза. .(1).\n.\n.\n.\n.\n.бронзовый. .(1).\n.\n.\n.\n.\n.коричневый. .(4).\n.\n.\n.\n.\n.красный. .(1).\n.\n.\n.\n.\n.розовый. .(3).\n.\n.\n.\n.\n.серебристо серый. .(1).\n.\n.\n.\n.\n.серебристый. .(81).\n.\n.\n.\n.\n.серый. .(13).\n.\n.\n.\n.\n.синий. .(1).\n.\n.\n.\n.\n.темно-серый. .(2).\n.\n.\n.\n.\n.черный. .(1117).\n.\n. .\n.\n.\n.\n\t\t\t\t\t\tЯзык клавиш\t\t\t\t\t\t\t\t\t\t\t.\n.\n.\n.\n.Английский. .(7).\n.\n.\n.\n.\n.Русский. .(1373).\n.\n.\n.\n.\n.Украинский. .(6).\n.\n. .\n.\n.\n.\n.\n. .\n.Клавиатура для ноутбука по брендам:.\n.\n.Acer.Alienware.Apple.Asus.Benq.Casper.Clevo.Compaq.Dell.DNS.eMachines.Fujitsu.Fujitsu-Siemens.Gateway.Haier.HP.Lenovo.LG.Medion.MSI.Packard Bell.Prestigio.Roverbook.Samsung.Sony.Toshiba.XiaoMi.Универсальный. .\n.\n.Клавиатура для ноутбука HP 15-bw000 Series.\n.\n.\n.\n.\n.Код: 063948.\n.\n.\n.\n.\n.\n.\n.Клавиатура для ноутбука 925008-001 | черный | 063948.\n.\n.\n.\n.\n.\n.\n.\n.Цвет.\n.черный.\n.\n.\n.Язык клавиш.\n.Русский.\n.\n.\n.Наличие подсветки.\n.Да.\n.\n.\n.Гарантия.\n.3 мес..\n.\n.\n.Состояние.\n.Новая.\n.\n.\n.Фрейм.\n.Без фрейма.\n.\n.\n.\n.\n.\n.\n.Код: 063950.\n.\n.\n.\n.\n.\n.\n.Клавиатура для ноутбука 925008-001 | серебристый | 063950.\n.\n.\n.\n.\n.\n.\n.\n.Цвет.\n.серебристый.\n.\n.\n.Язык клавиш.\n.Русский.\n.\n.\n.Наличие подсветки.\n.Да.\n.\n.\n.Гарантия.\n.3 мес..\n.\n.\n.Состояние.\n.Новая.\n.\n.\n.Фрейм.\n.Без фрейма.\n.\n.\n.\n.\n.\n.\n.\n.\n.\n.Клавиатура для ноутбука HP 15-bw500 Series.\n.\n.\n.\n.\n.Код: 063948.\n.\n.\n.\n.\n.\n.\n.Клавиатура для ноутбука 925008-001 | черный | 063948.\n.\n.\n.\n.\n.\n.\n.\n.Цвет.\n.черный.\n.\n.\n.Язык клавиш.\n.Русский.\n.\n.\n.Наличие подсветки.\n.Да.\n.\n.\n.Гарантия.\n.3 мес..\n.\n.\n.Состояние.\n.Новая.\n.\n.\n.Фрейм.\n.Без фрейма.\n.\n.\n.\n.\n.\n.\n.Код: 063950.\n.\n.\n.\n.\n.\n.\n.Клавиатура для ноутбука 925008-001 | серебристый | 063950.\n.\n.\n.\n.\n.\n.\n.\n.Цвет.\n.серебристый.\n.\n.\n.Язык клавиш.\n.Русский.\n.\n.\n.Наличие подсветки.\n.Да.\n.\n.\n.Гарантия.\n.3 мес..\n.\n.\n.Состояние.\n.Новая.\n.\n.\n.Фрейм.\n.Без фрейма.\n.\n.\n.\n.\n.\n.\n.\n.\n.\n.Клавиатура для ноутбука HP 15-bc000 Series.\n.\n.\n.\n.\n.Код: 064344.\n.\n.\n.\n.\n.\n.\n.Клавиатура для ноутбука 9Z.NBWBW.001 | черный | 064344.\n.\n.\n.\n.\n.\n.\n.\n.Цвет.\n.черный.\n.\n.\n.Язык клавиш.\n.Русский.\n.\n.\n.Наличие подсветки.\n.Да.\n.\n.\n.Гарантия.\n.3 мес..\n.\n.\n.Состояние.\n.Новая.\n.\n.\n.Фрейм.\n.Без фрейма.\n.\n.\n.\n.\n.\n.\n.\n.\n.\n.Клавиатура для ноутбука HP 15-bc200 Series.\n.\n.\n.\n.\n.Код: 064344.\n.\n.\n.\n.\n.\n.\n.Клавиатура для ноутбука 9Z.NBWBW.001 | черный | 064344.\n.\n.\n.\n.\n.\n.\n.\n.Цвет.\n.черный.\n.\n.\n.Язык клавиш.\n.Русский.\n.\n.\n.Наличие подсветки.\n.Да.\n.\n.\n.Гарантия.\n.3 мес..\n.\n.\n.Состояние.\n.Новая.\n.\n.\n.Фрейм.\n.Без фрейма.\n.\n.\n.\n.\n.\n.\n.\n.\n.\n.Клавиатура для ноутбука Lenovo X140e.\n.\n.\n.\n.\n.Код: 003101.\n.\n.\n.\n.\n.\n.\n.Клавиатура для ноутбука 04Y0342 | черный | 003101.\n.\n.\n.\n.\n.\n.\n.\n.Цвет.\n.черный.\n.\n.\n.Язык клавиш.\n.Русский.\n.\n.\n.Наличие подсветки.\n.Нет.\n.\n.\n.Гарантия.\n.3 мес..\n.\n.\n.Состояние.\n.Новая.\n.\n.\n.Фрейм.\n.Черный фрейм.\n.\n.\n.\n.\n.\n.\n.\n.\n.\n.Клавиатура для ноутбука Lenovo X230i.\n.\n.\n.\n.\n.Код: 004149.\n.\n.\n.\n.\n.\n.\n.Клавиатура для ноутбука 0B36054 | черный | 004149.\n.\n.\n.\n.\n.\n.\n.\n.Цвет.\n.черный.\n.\n.\n.Язык клавиш.\n.Русский.\n.\n.\n.Наличие подсветки.\n.Нет.\n.\n.\n.Гарантия.\n.3 мес..\n.\n.\n.Состояние.\n.Новая.\n.\n.\n.Фрейм.\n.Черный фрейм.\n.\n.\n.\n.\n.\n.\n.Код: 008071.\n.\n.\n.\n.\n.\n.\n.Клавиатура для ноутбука 0B36054 | черный | 008071.\n.\n.\n.\n.\n.\n.\n.\n.Цвет.\n.черный.\n.\n.\n.Язык клавиш.\n.Русский.\n.\n.\n.Наличие подсветки.\n.Да.\n.\n.\n.Гарантия.\n.3 мес..\n.\n.\n.Состояние.\n.Новая.\n.\n.\n.Фрейм.\n.Черный фрейм.\n.\n.\n.\n.\n.\n.\n.\n.\n.\n.Клавиатура для ноутбука Acer 1350.\n.\n.\n.\n.\n.Код: 002194.\n.\n.\n.\n.\n.\n.\n.Клавиатура для ноутбука Aspire 1350 | черный | 002194.\n.\n.\n.\n.\n.\n.\n.\n.Цвет.\n.черный.\n.\n.\n.Язык клавиш.\n.Русский.\n.\n.\n.Наличие подсветки.\n.Нет.\n.\n.\n.Гарантия.\n.3 мес..\n.\n.\n.Состояние.\n.Новая.\n.\n.\n.\n.\n.\n.\n.\n.\n.\n.Клавиатура для ноутбука Acer 1400.\n.\n.\n.\n.\n.Код: 002082.\n.\n.\n.\n.\n.\n.\n.Клавиатура для ноутбука 90.4C507.S0R | черный | 002082.\n.\n.\n.\n.\n.\n.\n.\n.Цвет.\n.черный.\n.\n.\n.Язык клавиш.\n.Русский.\n.\n.\n.Наличие подсветки.\n.Нет.\n.\n.\n.Гарантия.\n.3 мес..\n.\n.\n.Состояние.\n.Новая.\n.\n.\n.Фрейм.\n.Без фрейма.\n.\n.\n.\n.\n.\n.\n.\n.\n.\n.Клавиатура для ноутбука Acer 1410.\n.\n.\n.\n.\n.Код: 002082.\n.\n.\n.\n.\n.\n.\n.Клавиатура для ноутбука 90.4C507.S0R | черный | 002082.\n.\n.\n.\n.\n.\n.\n.\n.Цвет.\n.черный.\n.\n.\n.Язык клавиш.\n.Русский.\n.\n.\n.Наличие подсветки.\n.Нет.\n.\n.\n.Гарантия.\n.3 мес..\n.\n.\n.Состояние.\n.Новая.\n.\n.\n.Фрейм.\n.Без фрейма.\n.\n.\n.\n.\n.\n.\n.\n.\n.\n.Клавиатура для ноутбука Acer 1425.\n.\n.\n.\n.\n.Код: 002196.\n.\n.\n.\n.\n.\n.\n.Клавиатура для ноутбука KB.I110A.117 | черный | 002196.\n.\n.\n.\n.\n.\n.\n.\n.Цвет.\n.черный.\n.\n.\n.Язык клавиш.\n.Русский.\n.\n.\n.Наличие подсветки.\n.Нет.\n.\n.\n.Гарантия.\n.3 мес..\n.\n.\n.Состояние.\n.Новая.\n.\n.\n.Фрейм.\n.С фреймом.\n.\n.\n.\n.\n.\n.\n.Код: 002475.\n.\n.\n.\n.\n.\n.\n.Клавиатура для ноутбука KB.I110A.117 | белый | 002475.\n.\n.\n.\n.\n.\n.\n.\n.Цвет.\n.белый.\n.\n.\n.Язык клавиш.\n.Русский.\n.\n.\n.Наличие подсветки.\n.Нет.\n.\n.\n.Гарантия.\n.3 мес..\n.\n.\n.Состояние.\n.Новая.\n.\n.\n.Фрейм.\n.С фреймом.\n.\n.\n.\n.\n.\n.\n.\n.\n.\n.Клавиатура для ноутбука Acer 1430.\n.\n.\n.\n.\n.Код: 002196.\n.\n.\n.\n.\n.\n.\n.Клавиатура для ноутбука KB.I110A.117 | черный | 002196.\n.\n.\n.\n.\n.\n.\n.\n.Цвет.\n.черный.\n.\n.\n.Язык клавиш.\n.Русский.\n.\n.\n.Наличие подсветки.\n.Нет.\n.\n.\n.Гарантия.\n.3 мес..\n.\n.\n.Состояние.\n.Новая.\n.\n.\n.Фрейм.\n.С фреймом.\n.\n.\n.\n.\n.\n.\n.Код: 002475.\n.\n.\n.\n.\n.\n.\n.Клавиатура для ноутбука KB.I110A.117 | белый | 002475.\n.\n.\n.\n.\n.\n.\n.\n.Цвет.\n.белый.\n.\n.\n.Язык клавиш.\n.Русский.\n.\n.\n.Наличие подсветки.\n.Нет.\n.\n.\n.Гарантия.\n.3 мес..\n.\n.\n.Состояние.\n.Новая.\n.\n.\n.Фрейм.\n.С фреймом.\n.\n.\n.\n.\n.\n.\n.\n.\n.\n.Клавиатура для ноутбука Acer 1510.\n.\n.\n.\n.\n.Код: 002194.\n.\n.\n.\n.\n.\n.\n.Клавиатура для ноутбука Aspire 1350 | черный | 002194.\n.\n.\n.\n.\n.\n.\n.\n.Цвет.\n.черный.\n.\n.\n.Язык клавиш.\n.Русский.\n.\n.\n.Наличие подсветки.\n.Нет.\n.\n.\n.Гарантия.\n.3 мес..\n.\n.\n.Состояние.\n.Новая.\n.\n.\n.\n.\n.\n.\n.\n.\n.\n.Клавиатура для ноутбука Acer 1551.\n.\n.\n.\n.\n.Код: 002196.\n.\n.\n.\n.\n.\n.\n.Клавиатура для ноутбука KB.I110A.117 | черный | 002196.\n.\n.\n.\n.\n.\n.\n.\n.Цвет.\n.черный.\n.\n.\n.Язык клавиш.\n.Русский.\n.\n.\n.Наличие подсветки.\n.Нет.\n.\n.\n.Гарантия.\n.3 мес..\n.\n.\n.Состояние.\n.Новая.\n.\n.\n.Фрейм.\n.С фреймом.\n.\n.\n.\n.\n.\n.\n.Код: 002475.\n.\n.\n.\n.\n.\n.\n.Клавиатура для ноутбука KB.I110A.117 | белый | 002475.\n.\n.\n.\n.\n.\n.\n.\n.Цвет.\n.белый.\n.\n.\n.Язык клавиш.\n.Русский.\n.\n.\n.Наличие подсветки.\n.Нет.\n.\n.\n.Гарантия.\n.3 мес..\n.\n.\n.Состояние.\n.Новая.\n.\n.\n.Фрейм.\n.С фреймом.\n.\n.\n.\n.\n.\n.\n.\n.\n.\n.Клавиатура для ноутбука Acer 1600.\n.\n.\n.\n.\n.Код: 002082.\n.\n.\n.\n.\n.\n.\n.Клавиатура для ноутбука 90.4C507.S0R | черный | 002082.\n.\n.\n.\n.\n.\n.\n.\n.Цвет.\n.черный.\n.\n.\n.Язык клавиш.\n.Русский.\n.\n.\n.Наличие подсветки.\n.Нет.\n.\n.\n.Гарантия.\n.3 мес..\n.\n.\n.Состояние.\n.Новая.\n.\n.\n.Фрейм.\n.Без фрейма.\n.\n.\n.\n.\n.\n.\n.\n.\n.\n.Клавиатура для ноутбука Acer 1640.\n.\n.\n.\n.\n.Код: 002082.\n.\n.\n.\n.\n.\n.\n.Клавиатура для ноутбука 90.4C507.S0R | черный | 002082.\n.\n.\n.\n.\n.\n.\n.\n.Цвет.\n.черный.\n.\n.\n.Язык клавиш.\n.Русский.\n.\n.\n.Наличие подсветки.\n.Нет.\n.\n.\n.Гарантия.\n.3 мес..\n.\n.\n.Состояние.\n.Новая.\n.\n.\n.Фрейм.\n.Без фрейма.\n.\n.\n.\n.\n.\n.\n.\n.\n.\n.Загрузить еще 15 моделей.\n.\n.\n.1.2.3.4.5.». .\n.\n.\n.\n.\n.Отзывы пользователей.\n.Оставить отзыв.\n.\n.\n.\n.sava.\n.12.10.2023.\n.После нескольких лет использования клавиатура моего ноутбука стала подводить: клавиши залипали, а некоторые вообще перестали работать. Решил не тратиться на покупку нового ноута, а просто заменить клавиатуру. Этот выбор оказался великолепным решением! Новая клавиатура отлично подошла, установка заняла совсем немного времени, и теперь печатать стало одно удовольствие. Все клавиши работают четко, а ощущения от печати просто фантастические. Огромное спасибо за качественный товар!.\n.\n.\n.Ирина.\n.21.06.2021.\n.Заказывала вентилятор и клавиатуру к ноутбуку. Все работает, благодарю..\n.\n.\n.\n.\n.\n.\n.\n.Быстро и качественно доставляем.\n.Наша компания производит доставку по всей Украине курьерской службой Новая Почта с оплатой в момент получения.\n.\n.\n.Гарантия качества и сервисное обслуживание.\n.Мы предлагаем только те товары, в качестве которых мы уверены.\n.\n.\n.Беспроблемный возврат в течении 14 суток.\n.Быстро заменим или вернем средства за товар.\n.\n.\n.\n.Клавиатура для ноутбука от BatteryNet.\n.\n.\r\nЕсли вы проводите много времени в дороге, но вам всегда нужно иметь под рукой компьютер для работы, то ноутбук - идеальный гаджет для решения подобной задачи.\r\n.\r\n\tНесмотря на то, что многие считают, что планшета будет более чем достаточно, лэптоп способен справиться с гораздо большим количеством задач.\r\n.\r\n\tА если в приоритете стоит компактность устройства, то всегда можно подобрать ультрабук или нетбук вместо полноформатного ноутбука.\r\n.\r\n\tТакой гаджет можно везде брать с собой, и при этом вы получите возможность за пару минут быть готовыми к работе в любом месте в любое время, еще и с комфортом.\r\n.\n.\n.\r\n\tНо ноутбуки, к сожалению, не лишены определенных проблем, если речь идет об их частом использовании вне идеальных условий.\r\n.\r\n\tПодобное свойственно для любого гаджета, имеющего встроенные органы управления. И речь идет, в случае ноутбуков, о риске поломки клавиатуры при интенсивных и частых нагрузках.\r\n.\r\n\tВ этом нет ничего необычного, да и проблемные ситуации вряд ли начнут проявляться сразу же, если это не заводской брак.\r\n.\r\n\tНо постоянные нагрузки, пыль и грязь в дороге, а также множество других факторов, могут ухудшить работу клавиатуры или вывести ее из строя.\r\n.\r\n\tПри этом, даже если сломалась только пара клавиш, например, все равно клавиатура для ноутбука будет нуждаться в полной замене, чтобы вернуть гаджету полную работоспособность.\r\n.По каким причинам может сломаться клавиатура ноутбука.\r\n\tПричин для поломки клавиатуры у ноутбуков довольно много. И большая часть из них сводится к физическому повреждению тех или иных механических компонентов в результате постоянных или чрезмерных нагрузок. Самые частые причины неполадок, однако, связаны с банальным износом деталей.\r\n.\r\n\tНапример, после постоянного интенсивного использования мембраны под клавишами высыхают, что приводит к их растрескиванию при каждом нажатии.\r\n.\r\n\tСначала появляются микротрещины, а затем и разрывы в материале, что впоследствии делает контактные колпачки неработоспособными.\r\n.\n.\n.\r\nМеханизмы возвратников также довольно часто выходят из строя, особенно если пространство под клавишами не чистить регулярно.\r\n.\r\n\tМелкий мусор, застрявший в возвратнике, легко может привести к тому, что клавиатура на ноутбук сломается в любой момент при нажатия клавиши.\r\n.\r\n\tВ конце концов, пластиковые механизмы не такие уж надежные, даже если они высококачественные.\r\n.\r\n\tКроме того, стоит учитывать и возможность уже упомянутого ранее избыточного воздействия на клавиши и последующей поломки механизмов.\r\n.\r\n\tОчень многие пользователи, особенно печатающие быстро, имеют довольно опасную для клавиатур привычку с силой и резко нажимать на кнопки. Это очень опасно, особенно если у клавиш довольно большой ход.\r\n.\r\n\tИз-за этого у клавиатуры для ноутбуков может легко сломаться механизм. Не только в месте соединения деталей возвратника, но и в точках крепления клавиш к основе. Что приведет к их залипанию или выпадению и, в свою очередь, сделает клавиатуру неработоспособной.\r\n.Чем опасны ситуации, когда клавиатура на ноутбук была залита?.\r\n\tОдна из самых опасных для любого ноутбука ситуаций - попадание жидкостей на фронтальную панель. Пара капель проблем не вызовет, конечно же, а вот если воды много или она даже просто попадет под кнопки, это может привести к серьезным неприятностям. Даже если она не попала под мембраны, это может стать причиной ускорения износа силикона.\r\n.\r\n\tПри этом ситуация будет не такой критичной, если под клавиши затекло немного воды - слишком сильно на износ материала это не повлияет. А вот если под кнопки попал лимонад, особенно его довольно кислотные разновидности типа колы, это может значительно навредить силикону.\r\n.\r\n\tНе говоря уже о том, что сами мембраны станут липкими, что приведет к залипанию конкретных клавиш, которые оказались залиты.\r\n.\n.\n.\r\nНо самыми опасными для ноутбуков являются ситуации, когда жидкости оказываются под мембраной. От этого может пострадать контактная печатная плата - даже вода на ней может замкнуть дорожки, не говоря уже о лимонаде. А это приведет к “фантомным нажатиям\" и последующей эрозии металла.\r\n.\r\n\tПо вышеуказанным причинам, если любая жидкость попала под клавиши, необходимо немедленно выключить ноутбук, отсоединить его от блока питания и перевернуть вверх дном.\r\n.\r\n\tЭто предотвратит дальнейшее протекание внутрь корпуса, вследствие чего ущерб, который получит клавиатура к ноутбуку, будет сведен к минимуму.\r\n.\r\n\tЕсли все сделать быстро, то гаджет получит наименьший возможный в данной ситуации ущерб.\r\n.\r\n\tГлавное при этом ни в коем случае не нужно пытаться просушить ноутбук феном - это приведет только к усугублению положения. Лучше дайте клавиатуре высохнуть самостоятельно.\r\n.\r\n\tА если у вас уже есть опыт в сборке-разборке ноутбуков, то вы можете снять клавиатурный модуль. Так вы сможете оставить его сохнуть отдельно от остальных компонентов.\r\n.\r\n\tДелать это можно независимо от наличия гарантии на ноутбук, так как залития она все равно не покрывает, если только в ней нет дополнительных условий, предоставленных продавцом.\r\n.\r\n\tЧтобы избежать залития, а заодно попадания грязи под клавиши и даже стирания символов на них, можно приобрести специальный чехол-накладку для фронтальной панели ноутбука.\r\n.\r\n\tДанные аксессуары неплохо справляются с защитой кнопок. Благодаря такой накладке можно предотвратить попадание пыли, мусора, грязи и различных жидкостей на клавиатуру. Что будет полезно для владельцев ноутбуков, много времени проводящих за своим гаджетом вне дома или офиса.\r\n.Что делать, если сломалась клавиатура для ноутбука?.\r\n\tЕсли все же так вышло, что клавиатура в ноутбуке сломалась, то ее очевидно нужно будет поменять на новую. При все еще активной гарантии на устройство для этого лучше всего обратиться в сервис.\r\n.\r\n\tТаким образом вы не нарушите гарантийные условия и сохраните возможность для ремонта при поломках, которые она покрывает.\r\n.\r\n\tТакже обращение в сервис, независимо от того, действуют гарантийные обязательства или нет, имеет дополнительные преимущества.\r\n.\r\n\tТак, если клавиатура для ноутбука была заменена специалистами авторизованного сервисного центра, предоставляется дополнительная гарантия на выполненные работы и установленный компоненты.\r\n.\r\n\tЭто полезно и пригодится в случае выхода из строя нового клавиатурного модуля не по вашей вине.\r\n.\n.\n.\r\n\tВозможность самостоятельно отремонтировать устройство при этом также никто не отменяет. Поэтому вы можете попробовать это сделать, если уверены в своих силах и вам не важно нарушение условий гарантии или она уже истекла.\r\n.\r\n\tГлавное будет изучить все гайды по конкретно вашей модели ноутбука, в идеале - посмотрев их в видеоформате на YouTube.\r\n.\r\n\tСегодня руководства от энтузиастов и профессионалов можно найти в большом количестве и буквально для каждого ноутбука.\r\n.\r\n\tБлагодаря этому у вас появится понимание того, что и как нужно делать, а также осознание ваших собственных возможностей.\r\n.\r\n\tЕсли вы после просмотра и чтения инструкций увидите, что вам по силам самостоятельный ремонт, то можете попробовать его сделать своими руками.\r\n.\r\n\tНо если у вас появится хотя бы немного неуверенности - лучше обращайтесь в сервис, чтобы не создать вашему ноутбуку еще больше проблем, чем у него уже есть.\r\n.Где продается клавиатура для ноутбука?.\r\n\tНа сегодняшний день, принимая во внимание популярность самостоятельного ремонта энтузиастами различных гаджетов, существует довольно много специализированных магазинов, реализующих запчасти для их ремонта.\r\n.\r\n\tПри этом продаются компоненты для лэптопов как в физических магазинах, так и через интернет.\r\n.\r\n\tПоэтому вы без проблем можете купить клавиатуру для ноутбука даже не покидая собственного дома. Просто зайдите на сайт нашего онлайн-магазина BatteryNet, и отыщите среди богатого ассортимента компонентов за приятную стоимость именно то, что вам нужно.\r\n.\r\n\tВ интернет-каталоге на сайте Battery.net.ua вы при этом найдете не только оригинал клавиатуры для вашего ноутбука, но и аналоги от проверенных и надежных сторонних брендов.\r\n.\n.клавиатура на ноутбук Dell.;.\n.клавиатура на ноутбук Asus.;.\n.клавиатура на ноутбук Acer.;.\n.клавиатура на ноутбук Lenovo.;.\n.клавиатура на ноутбук XiaoMi.;.\n.клавиатура на ноутбук Samsung.;.\n.клавиатура на ноутбук Toshiba.;.\n.клавиатура на ноутбук HP.;.\n.клавиатура на ноутбук Alienware.;.\n.клавиатура на ноутбук Packard Bell.;.\n.клавиатура на ноутбук Sony. и др..\n.\r\n\tИх цена будет весьма демократична, и подобранный вами клавиатурный модуль с сайта Баттери доставят курьером по Киеву или в любую точку Украины почтой.\r\n.Как заменяется клавиатура к ноутбуку?.\r\n\tРанее уже было упомянуто о том, что перед началом ремонта ноутбука нужно ознакомиться с гайдами по его сборке-разборке.\r\n.\r\n\tНо сперва их нужно найти, а это делать умеют далеко не все. Так как для максимально точного поиска нужно пользоваться не только общим названием вашего ноутбука, но и его заводской маркировкой.\r\n.\r\n\tВедь модификаций устройств в рамках одного модельного ряда может быть несколько, и в них может быть разное расположение компонентов. А называться все они будут одинаково.\r\n.\r\n\tУказан заводской код ноутбука в нижней части корпуса. Обычно там присутствует или специальный шильдик, или штамповка с информацией о гаджете. В графе Model будет указано точное наименование устройства, по которому стоит искать руководства для ремонта.\r\n.\r\n\tТогда вы точно сможете быть уверены, что нашли инструкции именно для вашей конкретной модели ноутбука.\r\n.\r\n\tТо же самое касается и поиска запчастей - именно заводской код лэптопа нужно использовать при их поиске.\r\n.\r\n\tТак вы точно купите именно тот клавиатурный модуль, который вам нужен. И новая клавиатура ноутбука будет идеально подходить конкретно для вашего гаджета.\r\n.\r\n\tОтдельной сложностью для многих начинающих ремонтников является выбор правильных инструментов. В этом случае все относительно просто - главное не ошибиться с размером отвертки - для работы с электроникой нужна крестовая отвертка не более 3 мм, иначе они могут не войти в пазы на нижней крышке.\r\n.\r\n\tОтдельно стоит упомянуть про выбор инструментов для работы с устройством. Их нужно подобрать правильно.\r\n.\n.\n.\r\n\tХотя здесь все относительно просто - потребуются крестовая отвертка не больше 3 миллиметров, пластиковая лопатка или медиатор для вскрытия корпуса, а также пинцет с изолированными кончиками.\r\n.\r\n\tВ случае с гаджетами Apple, правда, из-за особенностей их сборки понадобится специальная отвертка с тремя или пятью “лучами\", в зависимости от модели.\r\n.\r\n\tПри этом не забывайте основное правило работы с лэптопами - при ремонте или замене любой части ноутбука всегда отсоединяйте шнур питания и отключайте батарею.\r\n.\r\n\tКак правило, самый простой доступ к батарее осуществляется после разборки корпуса, а отключается она простым отключением небольшого коннектора на материнской плате.\r\n.\r\n\tЭто важно сделать сразу, как только вы разобрали корпус. Тогда ваш ноутбук не включится при случайном нажатии и вы не вызовете коротких замыканий на материнской плате в процессе работы.\r\n.\r\n\tПри осторожном внимательном ремонте этого возникнуть не должно и так, но отключить батарею все равно нужно обязательно.\r\n.Заменяется ли клавиатура для нетбука?.\r\n\tПожалуй, самая сложная и практически непригодная к ремонту разновидность ноутбуков - нетбуки.\r\n.\r\n\tЧинить их практически невозможно, так как большая часть компонентов, включая оперативную память, распаяна на материнской плате.\r\n.\r\n\tПоэтому невозможен и апгрейд нетбуков - в них просто нет дополнительных слотов под новые детали.\r\n.\r\n\tНо при этом заменить сломанную клавиатуру на новую во многих моделях нетбуков вполне возможно.\r\n.\r\n\tНесмотря на плотную компоновку элементов и их распайку на плате, они разбираются практически так же, как и обычные ноутбуки. А клавиатуры для нетбуков также есть в продаже в нашем онлайн-магазине с запчастями.\r\n.\r\n\tБудем рады помочь Вам с выбором клавиатуры для нужной модели ноутбука, обращайтесь!\r\n.\n.\n.\n.\n.\n.\n.\n.Доставка:.\n\t\t\tНовой почтой\r\nУкрпочтой\t\t.\n.Контакты:.\n.\n.+38 044 379 3109. .office@battery.net.ua. .\n.\n.Офис:.\n.\n.г. Киев, ул. Борисоглебская 15Г. Самовывоз временно недоступен..\n.График работы: Пн-Пт с 10 до 19.\n.Показать на карте.\n.\n.\n.Принимаем к оплате:.\n.\n.\n.\n.\n.\n.\n.\n                Стать партнером            .\n.\n.\n.Мы работаем в городах Украины:.\n.\n.Одесса.Львов.Киев.Днепр.Харьков.Запорожье.Кривой Рог.Николаев.Полтава.Винница.Херсон.Чернигов.Черкассы.Житомир.Черновцы.Хмельницкий.Каменец-Подольский.Бровары.Ровно.Кропивницкий.Кременчуг.Ивано-Франковск.Тернополь.Белая Церковь.Луцк.Мелитополь.Никополь.Бердянск.Ужгород.Сумы. .\n.\n.\n            Весь контент, выложенный на нашем сайте, принадлежащий третьим лицам и остается собственностью его законных правообладателей. Сюда входят логотипы, технологии, названия торговых марок и торговых знаков. Эти данные используется на сайте исключительно для иллюстрации, а также в качестве справочно-ознакомительного материала.\t\t.\n.\n.\n.\n.\n. .\n.\n.\n.\n.\n.\n.\n.\n.Забыли пароль?.\n.\n.\n.\n.\n.\n.\n.\n.\n.\n.\n.\n.\n.\n.\n.\n.\n.\n.\n.\n.\n.Заказать обратный звонок.\n.Связаться с нами.\n.Вы можете позвонить нам по телефону .+38 044 379 3109. или заказать обратный звонок с помощью формы ниже..\n.\n.\n.\n.\n.\n.\n.\n.\n.\n.Найдем за вас.\n.Мы поможем подобрать за Вас нужную деталь для вашего устройства.\n.\n.\n.\n.\n.\n.\n.\n.\n.\n.\n.Уведомить о наличии.\n.\n.Уважаемый покупатель, на данный момент на складе нет данного товара. Оставьте, пожалуйста, Ваши контактные данные и Вам придет на e-mail уведомление о поступлении товара на склад. Вы всегда можете обратиться за помощью к нашим специалистам позвонив или написав нам, мы подберем товар который Вам требуется..\n.\n.\n.\n.\n.\n.\n.\n.\n.\n.\n.\n.\n.\n.Написать отзыв.\n.\n.\n.\n.\n.\n.\n.\n.\n.\n.\n.\n.\n.\n.\n.\n.\n.\n.\n.\n.\n.\n.\n.\n.\n"
}